name,email,password,role
Ainsley Lowres,alowres0@qq.com,"uT3{\""""c&9V",teacher
Sadye Frusher,sfrusher1@guardian.co.uk,"aB9<ipA>""j1wcm",teacher
Avie Froome,afroome2@usnews.com,zR3?$XRMMM,student
Fiorenze Ledekker,fledekker3@ibm.com,dW9`u_tRzS!o@bF,teacher
Cal Banck,cbanck4@over-blog.com,"aX2!W""j(HFj{Fld",teacher
Jany Laugherane,jlaugherane5@fda.gov,"uD9%1,N@M78nB1",teacher
Chickie Gagg,cgagg6@ihg.com,eV8/&c(*{,student
Glendon Catherine,gcatherine7@earthlink.net,oM7|3r+w4l,student
Hestia Kasperski,hkasperski8@constantcontact.com,wK4|PPj%+u4{=%c,teacher
Drusilla Saylor,dsaylor9@psu.edu,fC9%q6_c+TW2YI,student
Etta Rumble,erumblea@whitehouse.gov,wN5)PJay*J,teacher
Maurizio Vinas,mvinasb@kickstarter.com,gZ7'1?pqa`hNu,student
Wynny Bethune,wbethunec@twitter.com,lA9`R6x7Z4HIo,teacher
Minnie Kimbrough,mkimbroughd@unblog.fr,"hE5,V|#K",student
Lauren McCandie,lmccandiee@163.com,"jY7,O9QZqlY",student
Sophia Dradey,sdradeyf@omniture.com,vI1#?1lR<9>y},teacher
Mordy Heeks,mheeksg@hugedomains.com,"dG5~""Wp)!c2Zt",student
Cornelius Mungan,cmunganh@aboutads.info,"oQ4""hCNsuCa%A",student
Dylan Sutehall,dsutehalli@google.co.jp,fR8`6On$Ot$,teacher
Lewie Treacy,ltreacyj@weather.com,xH2\DMQ},teacher
Eziechiele Joutapaitis,ejoutapaitisk@theglobeandmail.com,kG0>(AYu\\Hp)+,teacher
Yance Bover,yboverl@walmart.com,mQ6%$O%t$A1xch,student
Tami Pounsett,tpounsettm@amazon.co.uk,nK7=!cpJ#CKzm*,teacher
Cletus Bringloe,cbringloen@ucla.edu,cS1%Dr|J0f.,teacher
Enid Muldrew,emuldrewo@answers.com,aE4(TGV<x`_bmkH,student
Rosemonde de Marco,rdep@twitpic.com,wT6/kgDeU*K,student
Lainey Starte,lstarteq@ebay.co.uk,vF8`2y8RVQ,teacher
Way Baugham,wbaughamr@angelfire.com,kS5%Arxq,student
Gussi Puddin,gpuddins@google.cn,vY6(M8/|_?|m\8%v,student
Tonia Dominguez,tdominguezt@networksolutions.com,"jN1$p+<,r*P?lfW""",teacher
Joan Mountlow,jmountlowu@vk.com,"pA7,lm!81TPvje,t",student
Kare Goodbar,kgoodbarv@gnu.org,"mO0/rv5Whit$,7|x",teacher
Herman Hughs,hhughsw@state.tx.us,lH9`H!IUCo0~3,student
Nichole Linster,nlinsterx@symantec.com,bN7|w=mHIh,student
Eolanda Bourdon,ebourdony@economist.com,hL6}>hn<mtb}X,student
Aymer Alenikov,aalenikovz@patch.com,uM9~pW4}T),teacher
Nobe Pyffe,npyffe10@auda.org.au,lA4(i=>bptFyT,student
Ellette Stainland,estainland11@cbsnews.com,"dG3&eN,kEdRJJ",student
Flori MacClenan,fmacclenan12@marketwatch.com,jM7?rq\R<(Yq,teacher
Cristobal Gooms,cgooms13@multiply.com,sU4*D0p|,teacher
Hans Hentzer,hhentzer14@youtube.com,xL4*aJmGj@B/Bl#,teacher
Doris Highton,dhighton15@stumbleupon.com,vV5{?aDu5SOh29,teacher
Ferdie Gentile,fgentile16@usda.gov,rG2?6>qj,teacher
Keefer Greeves,kgreeves17@t-online.de,hT0=Qa6tj7,student
Puff Huc,phuc18@tinyurl.com,oL5*L~9kyGHr>%,student
Louie Dowyer,ldowyer19@fastcompany.com,kF8/X@?oN,teacher
Case Rojel,crojel1a@princeton.edu,pW9~'K<T+neQE,student
Marketa Wesker,mwesker1b@nature.com,iU0'`j*QI(+1,student
Wally Kleinstub,wkleinstub1c@icio.us,"eB8'|~XAMG2>,r",teacher
Annabal Rosterne,arosterne1d@cnbc.com,"kS8?Kd3,W",student
Quincey Priestner,qpriestner1e@i2i.jp,pL5*Q7g$LU,student
Raven Faithorn,rfaithorn1f@upenn.edu,lE5}no*R,student
Fonz Figurski,ffigurski1g@hostgator.com,"mM3_,Zp~p>",teacher
Sybilla Pau,spau1h@china.com.cn,nW7`a{uJfo,student
Bel Shaddick,bshaddick1i@jigsy.com,gX1/+!PMbf%D7t,student
Rollo Chrisp,rchrisp1j@etsy.com,pX0)Rc)aK,teacher
Ricki Ebbett,rebbett1k@state.tx.us,"hQ4""+dc(ZSs",student
Flossi Divina,fdivina1l@jalbum.net,"vP6!4K14<,2>8s'",teacher
Rea Ible,rible1m@sakura.ne.jp,"rE8@_QX6>mv,1p",student
Ebenezer Graddon,egraddon1n@odnoklassniki.ru,zF8/A4lqx95)'m+Q,student
Adolphus MacArdle,amacardle1o@webeden.co.uk,jG5#<B5!?7EpD=F!,teacher
Corliss Gindghill,cgindghill1p@t.co,pG0`SfR(X6b8YE,teacher
Gerhardine Screase,gscrease1q@slate.com,zC4{auxRDLkX,student
Rog Boater,rboater1r@nytimes.com,sS2$axq}Zq,student
Shaw Behr,sbehr1s@google.de,lB1=#yV*Vh2EjDF,teacher
Karina d'Escoffier,kdescoffier1t@mail.ru,iX7$!njU\v+zYg=,student
Giustina Pleasance,gpleasance1u@who.int,oI8=+IOcDidZ@wl',student
Ciro Bianco,cbianco1v@theguardian.com,dQ1%)7SXgyKs#1O5,student
Aeriela Loren,aloren1w@tmall.com,oF4*o!!q5q|qOb<K,teacher
Ermengarde Camplin,ecamplin1x@nhs.uk,oN0$(2(sFE,teacher
Foss Elderidge,felderidge1y@gizmodo.com,pB3+zW+@d`W}Da(,student
Jillayne Glitherow,jglitherow1z@prlog.org,wA8$\#=bCOg`$~B,student
Claudetta Knighton,cknighton20@google.it,rT9(9OyTX{A%,student
Neely Hartness,nhartness21@unesco.org,"sF7|&,~'kt$+",teacher
Berri Hebron,bhebron22@ft.com,bK5.BmP@eM?,student
Ashby Page,apage23@loc.gov,"bD5*Cg+EW2""S'>",student
Kamillah Sonley,ksonley24@desdev.cn,hU0%5EB<=8L@F9~,teacher
Rhett Clamo,rclamo25@nationalgeographic.com,eH4>$SOg'7H4,student
Sonja Rowdell,srowdell26@amazonaws.com,fL4.S1805nlrz,student
Alasdair Kesten,akesten27@howstuffworks.com,lP3(7hm#E>yT<<MD,student
Raphaela Brogioni,rbrogioni28@jalbum.net,lF1>3Eq`|7+B,student
Regan Cordon,rcordon29@youku.com,rI5#40`Vq*,teacher
Chantal Darley,cdarley2a@ucsd.edu,"lZ6""##B,.gIb",student
Alica Rudolf,arudolf2b@networkadvertising.org,xM8$nE@g{,teacher
Maynord Heis,mheis2c@stanford.edu,"xW0{IoJ""*+R",student
Karylin McArd,kmcard2d@1und1.de,"dS2~z,_+8bc>",student
Tito Chorlton,tchorlton2e@blogger.com,sK5}zHNO\e,teacher
Shellie Michell,smichell2f@seesaa.net,"oS6%oZ\,6=B_`O{",student
Jackson Benditt,jbenditt2g@nhs.uk,"dL8""lz2)X",student
Gregoor Sambles,gsambles2h@nasa.gov,pJ6#!&5o@TUR,student
Aaren Elnaugh,aelnaugh2i@reference.com,"xJ2,&O868'<}_",student
Elston Matuschek,ematuschek2j@yandex.ru,lQ8{a5GRr1kg,teacher
Aprilette Kellick,akellick2k@un.org,mA4{b!.io,teacher
Padraic Lazenbury,plazenbury2l@dagondesign.com,"eJ0""04sO5Qe\K=",teacher
Nicola Pouck,npouck2m@jimdo.com,nK5=t*b1V,teacher
Sammy Asch,sasch2n@twitpic.com,yR6*K/J6,teacher
Katti Dairton,kdairton2o@ihg.com,jZ9~!~(.AR4,student
Sigismundo Jachimak,sjachimak2p@illinois.edu,"gX5=tT)kj""@/e",teacher
Alisha Walkden,awalkden2q@merriam-webster.com,nJ0{adW=s72M',student
Raimund Rostern,rrostern2r@bloglovin.com,pJ6*Zx{Mt,teacher
Kettie Leftley,kleftley2s@hhs.gov,vX6!IcS+F3NT<Wsc,student
Carin Wixon,cwixon2t@slideshare.net,"yR4""LvDY",student
Kali Doswell,kdoswell2u@who.int,"pD0}dJ,S_",teacher
Syman MacMenemy,smacmenemy2v@washington.edu,wK8<GWt=&\H_UVJD,student
Katherine Johanchon,kjohanchon2w@paginegialle.it,vD2`rFfXF'%2e#wf,student
Eloise Dunckley,edunckley2x@dmoz.org,tC4*u}lN/I(X@B,teacher
Letisha Sheilds,lsheilds2y@eepurl.com,nM5+GuB}EIp,teacher
Euell Cawthery,ecawthery2z@mashable.com,lI1%BlWV,student
Brynne MacConneely,bmacconneely30@spiegel.de,iU0$pp=3v'.Je?$,student
Antons Willder,awillder31@gravatar.com,"wK2}Z|1,.++'",student
Courtnay Jubb,cjubb32@altervista.org,"yA1%kI9OK{<K""2",student
Tuesday Belfield,tbelfield33@vkontakte.ru,dX6(`E6OH|`OPO,student
Joellyn Flinn,jflinn34@mit.edu,eG9$VsfM$P~,teacher
Babara Baskeyfied,bbaskeyfied35@mtv.com,eN6$g+n8d&84<,student
Grove Semerad,gsemerad36@utexas.edu,oV6<Pb|C9QQ2v,student
Emogene Siveter,esiveter37@goo.gl,"yB4+qsv!4,KSE",student
Celesta Allday,callday38@opera.com,wI6*A.#<p+%JX,student
Suzie Vaar,svaar39@ebay.co.uk,iD8`o>A9Nizzn,teacher
Essie Macveigh,emacveigh3a@topsy.com,wI9)bCp`1n5e,teacher
Vida Barsby,vbarsby3b@usgs.gov,"bK2""<Z>6S9",teacher
Jeni Kayes,jkayes3c@t.co,bW9<')rhOH\(Z,student
Anthia Tapson,atapson3d@theglobeandmail.com,jG6)~6u8hbP3TU#=,teacher
Tierney Gwinn,tgwinn3e@java.com,vP3'yRa1,teacher
Seumas Osbidston,sosbidston3f@yahoo.co.jp,dS0}K1@G/hX?X,student
Abran Earsman,aearsman3g@eepurl.com,kK9\fxc'_6l~K#{,teacher
Markos Sandars,msandars3h@amazon.co.jp,"hR1.z,4y8A|&@",student
Amaleta Thurner,athurner3i@accuweather.com,jP7~&MJ<30,teacher
Wilbur Hartford,whartford3j@homestead.com,"lL6!LGe+1mD,r",student
Sydney Cuttles,scuttles3k@twitpic.com,gW4{03B)J)wU7Bh`,student
Sonny Rosebotham,srosebotham3l@wsj.com,"iY4,xxL5#Hy~",teacher
Alejandrina Maun,amaun3m@who.int,"cG5=q,ey*xJG(n2",student
Chrystel Keenleyside,ckeenleyside3n@amazon.com,oO4@8V/Ci',teacher
Joby Petronis,jpetronis3o@woothemes.com,"sR9#""TgzjQL(e8",teacher
Henrik Hukins,hhukins3p@bing.com,kN7'/aG*@*A,teacher
Kristyn Scowen,kscowen3q@globo.com,"yS5|""$`T\",student
Gasparo Kloster,gkloster3r@google.com.au,iF4#w#W|TphD,teacher
Martita Crutch,mcrutch3s@bloglovin.com,hO5}2{c>,student
Gerhard Aizik,gaizik3t@technorati.com,rF3<TN!O,teacher
Jeffie Bentham3,jbentham3u@de.vu,kX0~R@#t\p,teacher
Tanitansy Line,tline3v@unblog.fr,rJ7%Sl{i,teacher
Gert Verlinden,gverlinden3w@illinois.edu,kP5?rthnLulrF,student
Tristan Kestle,tkestle3x@mashable.com,"mK4""*ypB0,`Ag<",student
Nichole Divill,ndivill3y@cmu.edu,qX0$2xgb|R/,student
Shelbi Tibalt,stibalt3z@jalbum.net,nJ4+(&3##4UlKt,teacher
Jacqui Nurcombe,jnurcombe40@webmd.com,oB0~/PZy1m3},teacher
Hadley Ainley,hainley41@ft.com,rY6(Q+.l=wBd,student
Brear Slocom,bslocom42@oakley.com,yY5?B7Pb$HDFIB,student
Guy Salmon,gsalmon43@salon.com,"oR9(""d~)l1b$SV",teacher
Jere Carrel,jcarrel44@blog.com,gK7=0S`ZI{Jx/|y,student
Esmaria Whines,ewhines45@nymag.com,"wJ8""0Qc,}*|R",student
Dru Byrcher,dbyrcher46@businessweek.com,oR9}V8)Sp,student
Marilyn Ouldred,mouldred47@samsung.com,iV5{7BRm1/c16,teacher
Elisha Corlett,ecorlett48@php.net,dO7==zf|3C,teacher
Kaitlynn Jerdan,kjerdan49@icq.com,"mB4+""W%M",teacher
Ervin Gaisford,egaisford4a@topsy.com,vH2!ZiijzRq=%,student
Yalonda Cansdell,ycansdell4b@instagram.com,fI9#NyL<QprdFIC,student
Shannon Toogood,stoogood4c@walmart.com,hQ2{cYkyO8OHX,teacher
Corrinne Scotti,cscotti4d@springer.com,hF4?T__/,teacher
Leila Kennaird,lkennaird4e@youtube.com,sQ6`|MtHX'{VWt,student
Budd Giraldon,bgiraldon4f@intel.com,"lO8!mkY,EC",student
Paige Jorissen,pjorissen4g@mayoclinic.com,iJ8(7VS*6,teacher
Harriot Furphy,hfurphy4h@hud.gov,"wY7\hj""L",student
Neilla Casel,ncasel4i@globo.com,eI5_J4*dFn|r=1df,teacher
Amanda Tingley,atingley4j@wsj.com,qY0\g@fG>D,teacher
Dallis Stent,dstent4k@purevolume.com,"sB7""eoFwTQV",teacher
Octavia Greeding,ogreeding4l@dell.com,bM1{YU=&h|,student
Aubert de Grey,ade4m@is.gd,rJ5.pQ<.2)+=6c&,student
Krissie Oakly,koakly4n@bandcamp.com,"nD2,,{u~hI7v_%",student
Gleda Ephson,gephson4o@ocn.ne.jp,bQ7#*=P6hTDO_VJT,student
Woody Marchiso,wmarchiso4p@flavors.me,vW6<>J0F7',student
Kalvin Bruckmann,kbruckmann4q@ocn.ne.jp,qR9|l0`+0}Q8@H,student
Lizabeth Easlea,leaslea4r@china.com.cn,"yU9+A9q,I4\<3`F}",student
Dorry Wallage,dwallage4s@ustream.tv,bB3|(?tD!V,teacher
Robbie Armin,rarmin4t@techcrunch.com,xX6'l}Va+,student
Teddy Bucksey,tbucksey4u@netvibes.com,kQ2\4xP\+2s|7,student
Delphine Shama,dshama4v@army.mil,"pR1""=18)KOWtKz>&",student
Ardys Colquit,acolquit4w@domainmarket.com,pZ6%ES9SB|),teacher
Ashia Verbeek,averbeek4x@biglobe.ne.jp,nJ1~=1*8h,student
Cherri Filipczynski,cfilipczynski4y@1und1.de,aZ4}D{@(7*D,student
Myrilla Dykes,mdykes4z@github.io,"rH0,qq=s@EA",student
Verge Dolby,vdolby50@cdbaby.com,qY0/ZDw(h,teacher
Amalita Dundredge,adundredge51@php.net,uO8&9S9FJj1d9qOA,teacher
Fons Schutter,fschutter52@psu.edu,wA3\)Hm9,teacher
Remus Gillford,rgillford53@e-recht24.de,"uN6\l?""lRBGv",student
Marietta Scarre,mscarre54@archive.org,mL5>o(j9!,student
Katharyn Cordero,kcordero55@mozilla.org,"pY2*G4""kM2)MtMjp",teacher
Pincus Gullane,pgullane56@va.gov,bU9`Wxv73,student
Letizia Tailby,ltailby57@yahoo.com,"uB0}u\,8",student
Hazel Cavie,hcavie58@apache.org,"oK1""B>c7<J+g\ug",student
Connie Danihelka,cdanihelka59@imgur.com,"oW0%4_n7{,wrSjZC",teacher
Kary Newlands,knewlands5a@hp.com,"xM2""o}rlUGSt%",student
Flynn Loverock,floverock5b@harvard.edu,oX7>C~4ET)n?0p.,student
Burr Hovington,bhovington5c@over-blog.com,"lL7!""8r/~9{g",teacher
Wright Suermeier,wsuermeier5d@nifty.com,wJ3\k&29b,teacher
Rudyard Klink,rklink5e@pcworld.com,"pQ8~K,C{",student
Nannie Sneezum,nsneezum5f@multiply.com,"oA7<v"",=/I",student
Tad Wooldridge,twooldridge5g@mashable.com,iC9.1=icp,teacher
Luce Tonge,ltonge5h@desdev.cn,uH8_G3{X`e}5,student
Dillie Linskill,dlinskill5i@fastcompany.com,fQ0.%5s5oHb,teacher
Chariot Croshaw,ccroshaw5j@nbcnews.com,gM1\lh*guU.hk{,teacher
Maribeth Cunningham,mcunningham5k@bbc.co.uk,"cC1+,gF_",teacher
Richard Chamberlen,rchamberlen5l@com.com,xZ5?PWI%Pr,student
Silvana O'Corrane,socorrane5m@walmart.com,rW7`(\6|anh<'yzh,teacher
Erminie Turban,eturban5n@hexun.com,rU1}y8'bE@{&w,teacher
Derward Trippick,dtrippick5o@technorati.com,"pH5&9wBVxOc""_b4f",student
La verne Babcock,lverne5p@topsy.com,bA3<u.R58HT?(,teacher
Ethelbert Mattusevich,emattusevich5q@live.com,"sJ9,{<Vpct",student
Siouxie Hanse,shanse5r@slate.com,vG4/*Ro3hFMo,teacher
Zach Mully,zmully5s@blogger.com,"gJ5=vt""pK5iaL2/",student
Dollie Billanie,dbillanie5t@hexun.com,mL1}05@N*M,teacher
Ede Danhel,edanhel5u@amazon.de,sH0~vl~5u.B!gzz,student
Gweneth Risson,grisson5v@vimeo.com,nD7~RxRo}#YfB,student
Boycey Steuart,bsteuart5w@acquirethisname.com,hH3%F<m$#,teacher
Mireille Moyle,mmoyle5x@indiatimes.com,"lA7""8k&>dLuY.",teacher
Debbie Bredbury,dbredbury5y@zdnet.com,xU0.hV|8e!,student
Camilla Asman,casman5z@yahoo.com,jO0{&~0ky,teacher
Guy Spaice,gspaice60@zimbio.com,gE0?be>g..wf#Z,student
Gordon Durling,gdurling61@omniture.com,xE3=*42tf1}qFL5,student
Alberik Lowings,alowings62@seesaa.net,"tL6>R>2""q0M",student
Katlin Sabbin,ksabbin63@google.nl,wI5'bWz@,student
Alden Gillbanks,agillbanks64@smh.com.au,fM3?+$|1x%b<'vI,student
Frieda Wedon,fwedon65@multiply.com,sS4.@_(>'5,student
Clint Caughte,ccaughte66@icio.us,"yE3%,EpLeYi",student
Valentin Grassick,vgrassick67@tripod.com,"xD4|.v""d+QS,'",student
Becca MacIlriach,bmacilriach68@altervista.org,gV6>fPB$FP|,student
Janessa Hassan,jhassan69@networksolutions.com,kL1|C%9y=a$\Z(?,teacher
Eziechiele Hember,ehember6a@illinois.edu,yY1.=IMq7~3$2,teacher
Arabele Garfield,agarfield6b@ted.com,mS9*xL7~@,student
Tybalt Caulfield,tcaulfield6c@gov.uk,jY0)Zq}e/A?8A,teacher
Zedekiah Colbourn,zcolbourn6d@ox.ac.uk,eE9}Yi}5UrL3|,teacher
Alyosha Zecchini,azecchini6e@t-online.de,"oR8""vboc}FFY",teacher
Eric Tremonte,etremonte6f@jiathis.com,aP2++/z'<\hDYPZ,student
Davidson Cansdall,dcansdall6g@chicagotribune.com,uO3<+G5ocPu4E5q,student
Lucille Ropars,lropars6h@noaa.gov,vM6&c=X3y'e<#D_,teacher
Allistir Loutheane,aloutheane6i@miibeian.gov.cn,kI1)1gnsMf1U,student
Jack Jacomb,jjacomb6j@friendfeed.com,lW8&erghgIlRV{,teacher
Paquito Mance,pmance6k@microsoft.com,uF4!Ayf@,student
Dalis Fisk,dfisk6l@nymag.com,bQ0+?{$\Q,teacher
Arlette Rogan,arogan6m@ftc.gov,wD3?~_s@Swad{$&,teacher
Giustina Cristofori,gcristofori6n@msn.com,pU7<1%+TvAa},teacher
Brandi Rawsen,brawsen6o@pagesperso-orange.fr,bF5+nPk=IwC(,teacher
Faye Brugmann,fbrugmann6p@slashdot.org,qR1!RIC#kOb,teacher
Jourdain Cowthard,jcowthard6q@jigsy.com,rF2+~o+tLTF,teacher
Artemis Smullen,asmullen6r@jugem.jp,bV7?M=|NXy,student
Shandy Froschauer,sfroschauer6s@yale.edu,pZ9$H\0s_PcH,teacher
Danny Peacher,dpeacher6t@facebook.com,xE4*h~6p.@tf2,teacher
Ax Flanagan,aflanagan6u@blogger.com,nE2&P('\,teacher
Wynn Winks,wwinks6v@virginia.edu,rC0$h7uwE.,student
Pate Glasson,pglasson6w@umich.edu,"uD7$<,59",student
Daisie Wem,dwem6x@spotify.com,pP0|S1'&ummx,teacher
Betsey Cleverly,bcleverly6y@myspace.com,wY6`J>|N<P+vyGP,teacher
Arney Badby,abadby6z@wix.com,uZ9@qcMt4V!{1V\,student
Barrett Klampt,bklampt70@technorati.com,sM7!e_a!h4,teacher
Collen Malone,cmalone71@elegantthemes.com,"jD0""&V2'",student
Lilas Matyushonok,lmatyushonok72@mysql.com,vN2`RnbSf4,teacher
Opal Mussettini,omussettini73@cornell.edu,hY7%BJX4k@),student
Kit McEnery,kmcenery74@ow.ly,hO9!4>rxzV?CF,teacher
Gerrie Hackworth,ghackworth75@posterous.com,rG8\U!sTam,student
Boris Palombi,bpalombi76@diigo.com,"rC3,W%\=|M",student
Raff Knibley,rknibley77@bloomberg.com,"rP6,5pf7""r$v4*d?",student
Lorrie Giveen,lgiveen78@sina.com.cn,zA9+KLw`liLK{O,student
Maressa Bromet,mbromet79@google.es,mS3'Ze@FS{~bu_,student
Damien Fuster,dfuster7a@howstuffworks.com,rC6?9M}#C3,student
Tilda Charsley,tcharsley7b@ask.com,hK6#wear,teacher
Eugine Gabbetis,egabbetis7c@hibu.com,"tD0(nT""CO",student
Elijah Vanichkov,evanichkov7d@jigsy.com,aC4(Dmp9ACTH#F=c,teacher
Caressa Girogetti,cgirogetti7e@theglobeandmail.com,eS0\DyIj8I\,teacher
Curcio Stallibrass,cstallibrass7f@unblog.fr,wP8.x0IGZXLc,student
Gilburt Winnard,gwinnard7g@newyorker.com,dE3{prY1S0,student
Aurlie Barling,abarling7h@lulu.com,hU7=V@wu414qE,student
Cheryl Stych,cstych7i@ft.com,qN5'7Va3,student
Winfield Giovanni,wgiovanni7j@1und1.de,fV7&M+)tY3!V,student
Violetta Prendergast,vprendergast7k@github.com,fA0#bi(#W,teacher
Joseph Lakin,jlakin7l@kickstarter.com,gY2~O18BRx,student
Moira Earpe,mearpe7m@ask.com,gC4}1t}.X'&&xhm_,student
Shaylynn Boner,sboner7n@amazon.co.jp,jO7$`hScN9,teacher
Theodosia Rottery,trottery7o@ovh.net,dO3.K&2>*toWL,teacher
Erhard Able,eable7p@google.co.uk,tL5*prFi5Fp,student
Luther Larn,llarn7q@ask.com,mK6@||tv4YF=,student
Inglebert Strange,istrange7r@homestead.com,fC1+G/8L,student
Normy Eakeley,neakeley7s@linkedin.com,"nZ4@*|},@&zdH",student
Lonnie Zaple,lzaple7t@tuttocitta.it,"mI9#""K=SO}",teacher
Dorie Barendtsen,dbarendtsen7u@dagondesign.com,tW5<Z5&$,student
Sher Roussell,sroussell7v@columbia.edu,rT5`@./mm*U,teacher
Stephi Nightingale,snightingale7w@github.io,"wJ8!gp5R""P#",student
Drucy Darling,ddarling7x@uol.com.br,"yG2&}""9@""UE(D",student
Cordell Wilds,cwilds7y@elegantthemes.com,uO0{3NQ_4v`Oi9&,teacher
Twila Lowen,tlowen7z@wordpress.com,jN5(.aS#,student
Daren Linham,dlinham80@indiatimes.com,"oG7#j&""0I*HbC@$(",student
Petr Colbert,pcolbert81@ibm.com,"xS1#j,FB9!OUte{v",student
Dione Habens,dhabens82@example.com,xQ4!H+spAMy,teacher
Essy Coste,ecoste83@scribd.com,mT1~J6WOY%,student
Johanna Cogin,jcogin84@tripadvisor.com,"zK6,L<Rq",teacher
Richardo Wilshere,rwilshere85@walmart.com,"gR1/qF,MZuo\y",teacher
Kameko Mundwell,kmundwell86@unc.edu,fZ9|ZMm\rDCqTY},student
Gard Benezeit,gbenezeit87@tripadvisor.com,cC3'bE?S}r,teacher
Merry Hedditch,mhedditch88@barnesandnoble.com,pO0|@Gu{5H,teacher
Casi Vonasek,cvonasek89@disqus.com,"uN5""()!6H,b",student
Robbert Chazelas,rchazelas8a@yahoo.com,dI0{.}9=,teacher
Anson Dogerty,adogerty8b@posterous.com,"eD8<1""WWU=l~",student
Valry Danbye,vdanbye8c@topsy.com,gQ0<Jz'!_sqB,teacher
Ivor Driffe,idriffe8d@timesonline.co.uk,yH1<SvcSNnxl=,teacher
Halsy Zannuto,hzannuto8e@nyu.edu,gM2.$Ugy4PfDGz,teacher
Nikolaus O'Bradden,nobradden8f@google.de,xB3~E*.<2A,teacher
Anselm Noah,anoah8g@microsoft.com,bN0$&uAb,student
Konstanze Feaveer,kfeaveer8h@rediff.com,nO2?%\S_Wn5rXLS,teacher
Yasmin Overshott,yovershott8i@networkadvertising.org,"oV3&R""!_ho|g",student
Padraig Greguoli,pgreguoli8j@diigo.com,gU7}~KKS$#H,teacher
Stefa Hutchcraft,shutchcraft8k@jalbum.net,xA2{)H)QF,teacher
Marin Hasty,mhasty8l@geocities.com,sK6%ktT6Z,teacher
Hansiain Stothard,hstothard8m@cpanel.net,wV7|>ROS4tFW,student
Irvine Konke,ikonke8n@un.org,tF8%MzDKOvs'L*h,student
Rhonda Goldbourn,rgoldbourn8o@so-net.ne.jp,uZ4?rT4Dt`p<_`$,student
Fran Batrick,fbatrick8p@alibaba.com,yI0.'|/lbKpdd,teacher
Helli Salzburg,hsalzburg8q@salon.com,tO2?gZrq5,teacher
Georgie Gayden,ggayden8r@linkedin.com,"cA8%nBz7C""_(V0W",teacher
Hi Board,hboard8s@quantcast.com,tF5\D|2)9RRc`Dre,teacher
Horten Dellenbach,hdellenbach8t@java.com,"fG8*h=/""\<=5",student
Dian Sturdy,dsturdy8u@businesswire.com,lD7@sYQ6,teacher
Jordan Pedycan,jpedycan8v@xinhuanet.com,bS4_og1&N,student
Archibold Weildish,aweildish8w@webs.com,oD7~{jmbRm7H!'*,teacher
Prinz Pentycross,ppentycross8x@springer.com,sM1|OJd#S3xF,student
Hamilton Trenear,htrenear8y@123-reg.co.uk,iQ2.n<uXEdp3H,teacher
Monte Gregh,mgregh8z@umich.edu,kM5.'Jb+mXv03,student
Cyndie Myrtle,cmyrtle90@google.com.au,"vW6=FIKA0}j,3_3e",student
Hadleigh Bollans,hbollans91@nps.gov,"fT7'4H3""4lY\p",student
Geordie Roche,groche92@sina.com.cn,jB4<t1vnb'O.VUdX,student
Valida Raoux,vraoux93@over-blog.com,fT4\okcEB,teacher
Emylee Martusov,emartusov94@constantcontact.com,oC2%FVVKV4iIjMB,teacher
Gradeigh Ennor,gennor95@aol.com,"nE6""$nYCBaRsBy",teacher
Bogart Delyth,bdelyth96@zdnet.com,lJ5/PrcQw7'Ft,student
Domenic Beverley,dbeverley97@squarespace.com,zK6#I9tuVf/,student
Goober Mingardi,gmingardi98@addtoany.com,"lQ1@Ep+lxl3!6UW""",student
Holly-anne Greger,hgreger99@smugmug.com,aS0#coR?2xi,teacher
Tuesday Amos,tamos9a@webnode.com,"zJ3_w7""e",student
Emlynne Berceros,eberceros9b@mysql.com,vO3!!Vkl1BxO),teacher
Ode Schoenrock,oschoenrock9c@time.com,yF9?$9eZ4<qf$?i,teacher
Clio Hamper,champer9d@lycos.com,"yG6?@2fmbKko,aj",teacher
Shirlee Petherick,spetherick9e@nationalgeographic.com,vB6$9yD_AP,student
Ernesta Laborda,elaborda9f@google.nl,dW3>#_s<S9}V,teacher
Elvin Durdle,edurdle9g@microsoft.com,sM3<\Xy4N5MW,student
Nonna Laurent,nlaurent9h@ebay.co.uk,tN8(!BQ8VZR8c!Y,teacher
Connie Archibold,carchibold9i@netvibes.com,mS8$WU0WW|\$.OEI,student
Binni Nattriss,bnattriss9j@apache.org,"gV6*Kk,3Oa2,",teacher
Alic Soonhouse,asoonhouse9k@smugmug.com,hA0%a('qM,teacher
Karel Choules,kchoules9l@jalbum.net,oS7&~zrTa!5Fzr9I,student
Benetta Arnaez,barnaez9m@cocolog-nifty.com,"uR8+ox%,)3)(2/6",teacher
Melinda Soeiro,msoeiro9n@slideshare.net,xR9_4re!M,teacher
Lesly Tidey,ltidey9o@businessinsider.com,cN0`MU.<jh,teacher
Casie Lassetter,classetter9p@nasa.gov,hD4`O?\JwzBW,student
Rochelle Buzin,rbuzin9q@jigsy.com,"cC1""i#l9}X",student
Jillayne Berrie,jberrie9r@facebook.com,"dP1$/_""&)qu\Z`",teacher
Laverne De Matteis,lde9s@weebly.com,"eD2""2/VBp\Zk",teacher
Northrop Borlease,nborlease9t@cam.ac.uk,nQ4~Sqk+m2IyJ,student
Cristi Clendening,cclendening9u@homestead.com,oZ3@5.zyZf},teacher
Lucine Yalden,lyalden9v@nih.gov,fY3%9emSH5ar~,student
Mariann Jamson,mjamson9w@etsy.com,eX5*nc!pf,teacher
Melisent Strattan,mstrattan9x@cnn.com,lE2>Qc3rkyNL,teacher
Filmore Djurdjevic,fdjurdjevic9y@hud.gov,fU8\sbye,student
Liana Haslum,lhaslum9z@google.com,oS4?#@C*v,student
Daniele Lionel,dlionela0@storify.com,gO5'OP?Q.Kdxby8,teacher
Tessi Greatland,tgreatlanda1@macromedia.com,hO7}LOhBVh)@#6,student
Jackie Marchington,jmarchingtona2@sitemeter.com,"cT5(k/he#V,wXe+)",teacher
Rhody Hedden,rheddena3@businesswire.com,hA6~UKv%@l_,student
Kariotta Benck,kbencka4@wsj.com,pR9*AGd3S_h_A,teacher
Edd Dyhouse,edyhousea5@cyberchimps.com,"dI0""9W%=GsJz/'",student
Briana Romero,bromeroa6@blogtalkradio.com,"fL4+y1{""",student
Corny Ales0,calesa7@jigsy.com,vO5)C#oGFT+P,student
Modestine Mosdall,mmosdalla8@blogger.com,aE6.MTK`f&YC,teacher
Marsha Broadbridge,mbroadbridgea9@privacy.gov.au,"nV6,JDRPB",teacher
Jeth Lindborg,jlindborgaa@biblegateway.com,"eU5*lGplr""\X",student
Kaiser Brokenshaw,kbrokenshawab@51.la,hY5(gI6.ao2F|,teacher
Chucho Crummay,ccrummayac@discovery.com,"qC3{Xo7pa}""|n(",teacher
Angeline Tytherton,atythertonad@linkedin.com,uT7#1y'c<NDVO5,teacher
Moira Walthew,mwalthewae@xrea.com,lC2|q6C9.5)~LR,student
Elyse Bankhurst,ebankhurstaf@cam.ac.uk,yE9/%Y14,teacher
Bay Whyard,bwhyardag@reverbnation.com,yF8|kKY\,student
Merle Garvin,mgarvinah@nature.com,"zB1?S,fw6/x",student
Winne Chandler,wchandlerai@epa.gov,kW1_(}7`,student
Guglielma Heller,ghelleraj@sbwire.com,"fQ4~B`kkA""2o|",teacher
Corbet Hanhardt,chanhardtak@fastcompany.com,tZ0#i7>8h1a|jCI,student
Rocky Itzkovwitch,ritzkovwitchal@loc.gov,zQ6%7I7tq!A,teacher
Heddie Harbert,hharbertam@fda.gov,uQ3$OC>\,student
Elka Smitheram,esmitheraman@comsenz.com,kQ5)>?_z0wV\iO6,teacher
Consuela Norvel,cnorvelao@deliciousdays.com,cN0(Ht=*KT5&,student
Terence Morling,tmorlingap@cnbc.com,hB7\cgw1*i~acZAb,teacher
Rainer McPherson,rmcphersonaq@sphinn.com,"iF4|cTPu2eLl=""",student
Lyndsie Bails,lbailsar@telegraph.co.uk,"cD3`B,eJRyp$T1",student
Van Keasey,vkeaseyas@jugem.jp,uX8}p4>NmlgW,teacher
Izzy Charrington,icharringtonat@jimdo.com,nH9#Dy>fK7l@R)),teacher
Tandie Danko,tdankoau@ustream.tv,lE4.wdz$?h,teacher
Dulcy Charlot,dcharlotav@timesonline.co.uk,nN7{rR/j#49eO,student
Miof mela Heymann,mmelaaw@eventbrite.com,kV9&ue#+l1Vj,student
Vincents Crinson,vcrinsonax@ucla.edu,lE2%z$D9,student
Hebert Athy,hathyay@infoseek.co.jp,jE2\K+&FOY,teacher
Margarette Dukes,mdukesaz@over-blog.com,"kS1""5{xtN",student
Fey Merrell,fmerrellb0@last.fm,"iR4*7<i`,Eu9bTS9",student
Johnnie Boutellier,jboutellierb1@csmonitor.com,kQ8=t$tNSyhc592,student
Tracey Stoving,tstovingb2@spotify.com,aP2<=&o1zkh,teacher
Davina Casper,dcasperb3@google.com.hk,"qN3_)NxK,&`m",teacher
Ludovika Winteringham,lwinteringhamb4@biblegateway.com,lB3(~47+S1,teacher
Valdemar Morling,vmorlingb5@nyu.edu,yW2\bb/V}Xh,teacher
Aldridge Craigg,acraiggb6@people.com.cn,uG0+'2h%H,teacher
Garrick Rodda,groddab7@blogs.com,fC3*+?%fH}oZ,teacher
Lila Bereford,lberefordb8@skype.com,sR5_Jiek/IhS,student
Kristel Fynn,kfynnb9@wunderground.com,"gK2#10>N""RIk",teacher
Lemar Allsepp,lallseppba@google.de,aU1_VC\b,teacher
Thomasine Vooght,tvooghtbb@mit.edu,rI9)lq%~mG`sU,student
Ailis Legate,alegatebc@cnn.com,xS4.F$ul!4y,teacher
Phil Matiewe,pmatiewebd@microsoft.com,dG8}EuZnD\jFtj*&,teacher
Gillian Axten,gaxtenbe@nba.com,qJ5@>g3YO<.6(u!,student
Eward Gallemore,egallemorebf@businessweek.com,oH2}$L'qm%RZ,teacher
Calida Kimpton,ckimptonbg@hostgator.com,mP4_*WUzN4SQ1#Qy,student
Alaster Macklam,amacklambh@odnoklassniki.ru,"qQ7/,f1G",teacher
Shaine McKeaney,smckeaneybi@freewebs.com,"rF8,pG/~.e\",student
Dede Demschke,ddemschkebj@posterous.com,"hR3#72ik""('NI",student
Omar Adamovitch,oadamovitchbk@adobe.com,wP0}<'&+,student
Blinnie Romanini,bromaninibl@icq.com,"iZ4}#h/g""VDx?N",student
Almeria Gilhooley,agilhooleybm@nifty.com,eL2!{r+s,teacher
Antonetta Mantripp,amantrippbn@opera.com,jV8}1|#uB~K<8iU,student
Nels Jope,njopebo@flickr.com,"zR2~_\""NhkJt",teacher
Isahella McKerron,imckerronbp@w3.org,fV9{9lep,teacher
Audrie Hardman,ahardmanbq@bloomberg.com,eS4}=cOJC,teacher
Dall Elis,delisbr@stanford.edu,dO8)IY&B,teacher
Cart Faircloth,cfairclothbs@spotify.com,nX2*55{bMT,student
Lola Yakushkin,lyakushkinbt@narod.ru,eQ1&bfHOyM4Kp}|,teacher
Constantin McCunn,cmccunnbu@ebay.co.uk,wJ0_G'@N(9HBi,teacher
Ira Hatcliffe,ihatcliffebv@cnbc.com,iJ7)(JdZfIvW,student
Halley Kail,hkailbw@state.tx.us,"qR6|2J2In""}OA",student
Fabe Bernardini,fbernardinibx@go.com,jL0@f#77Ktu&UmOY,teacher
Jennilee Dalmon,jdalmonby@usa.gov,"aZ5*C,Bcr7+oc",student
Dillie Talmadge,dtalmadgebz@oaic.gov.au,dL3+!u|w{+7,student
Aguie Finan,afinanc0@wordpress.com,yP4'lA~MlqEm$V1X,teacher
Tristam O'Mullally,tomullallyc1@opensource.org,"vM5{G""PENyw`3",teacher
Amalie Colchett,acolchettc2@blinklist.com,"cE2_i9/2kO""",teacher
Robin Olyff,rolyffc3@bravesites.com,dI7?JuH/r~,student
Lishe Ludlem,lludlemc4@slate.com,zJ0?(PUK&{mF,student
Camille Radbourne,cradbournec5@tamu.edu,lY9|@K?${6wNi<x6,student
Zedekiah Phripp,zphrippc6@ning.com,lZ5.{CE?Cvv?>,student
Kipp Sambedge,ksambedgec7@home.pl,fR6\IHcI?,student
Alethea Lonergan,alonerganc8@blogs.com,"fS8!""de@Up4V",student
Reggy Shenton,rshentonc9@wikispaces.com,rT5#9o'<gMkaF,teacher
Robby Breslane,rbreslaneca@senate.gov,zG2?nV#KYfLE9,student
Iver Cure,icurecb@answers.com,zX0{6jbVw_Kq,student
Meggi Baert,mbaertcc@wikia.com,"oM1.)&Qn!,h8E",teacher
Alexio Duckhouse,aduckhousecd@skype.com,gL1\73c$JPPz2x,student
Ivan Dronsfield,idronsfieldce@wikimedia.org,cD3>)=7a6Ik?{A*,student
Millisent Comelli,mcomellicf@infoseek.co.jp,eF6~}.'F,student
Joannes Baudon,jbaudoncg@opera.com,gS2$&!K9>{,teacher
Robbert Knapp,rknappch@usda.gov,vI6.xcA0,student
Margalo Arens,marensci@washingtonpost.com,gM9@dm.&oPin`,teacher
Dagny Elrick,delrickcj@yelp.com,"fI5""8Tn9""",student
Paulette Tebbitt,ptebbittck@loc.gov,yX9`~R7)J,student
Ciro Knee,ckneecl@businessweek.com,mR3<CNkS2,teacher
Eberhard Primett,eprimettcm@vistaprint.com,sU8'.`\08,teacher
Tonie Waistall,twaistallcn@wufoo.com,rB9/<Le~E)ld//#,teacher
Buddie Rizzone,brizzoneco@naver.com,fS0!\oyMZF,student
Billy Sharphouse,bsharphousecp@chron.com,zJ2=*'b9_WAAA(MR,teacher
Dolores Emnoney,demnoneycq@reverbnation.com,fN6.aFF<G9S,student
Ynes Vondrasek,yvondrasekcr@comsenz.com,"fO5@+,@>C7*ayJ",student
Ulrica Raddan,uraddancs@dyndns.org,lS0'`Jk/<P9+g,student
Carolann Borborough,cborboroughct@uiuc.edu,aQ0?_bY0C'SJSVd},teacher
Lurline Dempsey,ldempseycu@va.gov,uG1@NPzb<\H%,student
Aldon Degoy,adegoycv@mashable.com,jH9|%CrA5,student
David Maris,dmariscw@chron.com,"zO3&,c8|4u#Jx",student
Sasha Beese,sbeesecx@squarespace.com,uN7*r4DtoBMV'!,teacher
Martyn Mowlam,mmowlamcy@cloudflare.com,fX9+VB3zk#,student
Milton Alabone,malabonecz@devhub.com,"jX2@%J@MU,',_OT",student
Livy Bolstridge,lbolstridged0@springer.com,uH5#8_cM355J,teacher
Ilaire Haken,ihakend1@4shared.com,pB8$$2@@===,student
Gregoor Barnhill,gbarnhilld2@dailymotion.com,lK6*zcg`teL5,teacher
Jarret Englefield,jenglefieldd3@slashdot.org,"mN7""q|AUb72*aA$",student
Herculie Kampshell,hkampshelld4@indiatimes.com,lZ1?q}kMUW6,student
Rachele Vaughten,rvaughtend5@newyorker.com,eZ4<FD2D!2t|,teacher
Lenore Milella,lmilellad6@indiatimes.com,fC4_yVSg<JHI,teacher
Bessie Habbershon,bhabbershond7@networksolutions.com,eH2)~~5al,teacher
Nanon Jiranek,njiranekd8@zdnet.com,hB5}NpEBg,student
Abbie Moralas,amoralasd9@skype.com,hM0<!2<oj,student
Katusha Tarbath,ktarbathda@nasa.gov,jL6</H4*T3KgH,student
Hershel Keyho,hkeyhodb@1und1.de,"jR7,m0.g",student
Lucienne Cicerone,lciceronedc@t-online.de,"fB2""L=x8J91_",teacher
Bernadine Ockleshaw,bockleshawdd@irs.gov,cE2~_aajRSbr\<n,teacher
Kin Hayford,khayfordde@blogs.com,fQ8!vpFWN$Y'\w,teacher
Antonio Callander,acallanderdf@themeforest.net,rP0@%TZS1*EIf,student
Zonda Harefoot,zharefootdg@creativecommons.org,gL1`G6s&,teacher
Noemi Jannequin,njannequindh@acquirethisname.com,dJ1#y/Y`mg,teacher
Sallyanne Girardez,sgirardezdi@yahoo.com,"mA7!,=Y<mMqI1",student
Thain Humby,thumbydj@twitter.com,dK0%cGdh1Llxy81d,teacher
Jedd Battle,jbattledk@edublogs.org,"pH5|,(q\QD",student
Fanni Girardin,fgirardindl@scribd.com,rM6*HMXn>}OfBPCi,teacher
Mamie Stanistrete,mstanistretedm@nhs.uk,tX5`UdnMU,student
Jephthah Petersen,jpetersendn@quantcast.com,mC9>PLF?!>{h,teacher
Raimundo MacCheyne,rmaccheynedo@edublogs.org,"bK6""GVz3",teacher
Allix Olyunin,aolyunindp@mozilla.com,aU6\XtDc8r)kF#N,student
Garwood Germaine,ggermainedq@symantec.com,nM0\F`PM8,teacher
Eli Rozycki,erozyckidr@cbsnews.com,qW1%S*M..N3%9UCb,student
Jewell Rapier,jrapierds@ocn.ne.jp,oY9)9N=$,teacher
Wolfy Gligori,wgligoridt@theglobeandmail.com,gU9&0_1>w,student
Clayborn Gheeraert,cgheeraertdu@intel.com,oC6<qdet),student
Sarena Balshen,sbalshendv@vk.com,yS2}}csI,student
